File_Name,B1,B2,B3,B4,B5,B6
DME-1029576-1.jpeg,,,,,,
DME-1029576-2.jpeg,,,,,,
DME-1029576-3.jpeg,,,,,,
DME-1029576-4.jpeg,,,,,,
DME-1029576-5.jpeg,,,,,,
DME-1043402-1.jpeg,,,,,,
DME-1055504-1.jpeg,,,,,,
DME-1074708-1.jpeg,,,,,,
DME-1074708-2.jpeg,,,,,,
DME-1094647-1.jpeg,,,,,,
DME-1097163-1.jpeg,,,,,,
DME-1136125-1.jpeg,,,,,,
DME-1208299-1.jpeg,,,,,,
DME-1208299-2.jpeg,,,,,,
DME-1348407-1.jpeg,,,,,,
DME-1358659-1.jpeg,,,,,,
DME-1403231-1.jpeg,,,,,,
DME-1453560-1.jpeg,,,,,,
DME-145590-1.jpeg,,,,,,
DME-145590-2.jpeg,,,,,,
DME-145590-3.jpeg,,,,,,
DME-145590-4.jpeg,,,,,,
DME-1543479-1.jpeg,,,,,,
DME-1569-1.jpeg,,,,,,
DME-1569-2.jpeg,,,,,,
DME-1682252-1.jpeg,,,,,,
DME-1682252-2.jpeg,,,,,,
DME-1682252-3.jpeg,,,,,,
DME-1692430-1.jpeg,,,,,,
DME-1781938-1.jpeg,,,,,,
DME-1805165-1.jpeg,,,,,,
DME-180600-1.jpeg,,,,,,
DME-1839247-1.jpeg,,,,,,
DME-185005-1.jpeg,,,,,,
DME-1868024-1.jpeg,,,,,,
DME-1930055-1.jpeg,,,,,,
DME-1930055-2.jpeg,,,,,,
DME-1941324-1.jpeg,,,,,,
DME-205260-1.jpeg,,,,,,
DME-2061433-1.jpeg,,,,,,
DME-2061433-2.jpeg,,,,,,
DME-2061433-3.jpeg,,,,,,
DME-2128117-1.jpeg,,,,,,
DME-2140236-1.jpeg,,,,,,
DME-2144724-1.jpeg,,,,,,
DME-2226375-1.jpeg,,,,,,
DME-2250041-1.jpeg,,,,,,
DME-2250041-2.jpeg,,,,,,
DME-2328103-1.jpeg,,,,,,
DME-2342892-1.jpeg,,,,,,
DME-245643-1.jpeg,,,,,,
DME-245643-2.jpeg,,,,,,
DME-245643-3.jpeg,,,,,,
DME-247204-1.jpeg,,,,,,
DME-247204-2.jpeg,,,,,,
DME-2478669-1.jpeg,,,,,,
DME-2525419-1.jpeg,,,,,,
DME-2587510-1.jpeg,,,,,,
DME-261328-1.jpeg,,,,,,
DME-261328-2.jpeg,,,,,,
DME-287279-1.jpeg,,,,,,
DME-2889164-1.jpeg,,,,,,
DME-289085-1.jpeg,,,,,,
DME-2895526-1.jpeg,,,,,,
DME-294654-1.jpeg,,,,,,
DME-296730-1.jpeg,,,,,,
DME-3013082-1.jpeg,,,,,,
DME-3013082-2.jpeg,,,,,,
DME-3087843-1.jpeg,,,,,,
DME-3105687-1.jpeg,,,,,,
DME-3147908-1.jpeg,,,,,,
DME-3198088-1.jpeg,,,,,,
DME-3207323-1.jpeg,,,,,,
DME-3207323-2.jpeg,,,,,,
DME-3248431-1.jpeg,,,,,,
DME-3248431-2.jpeg,,,,,,
DME-3259356-1.jpeg,,,,,,
DME-3259356-2.jpeg,,,,,,
DME-32711-1.jpeg,,,,,,
DME-32711-2.jpeg,,,,,,
DME-3273592-1.jpeg,,,,,,
DME-3273592-2.jpeg,,,,,,
DME-328548-1.jpeg,,,,,,
DME-3287865-1.jpeg,,,,,,
DME-3300738-1.jpeg,,,,,,
DME-3367544-1.jpeg,,,,,,
DME-3433573-1.jpeg,,,,,,
DME-3444601-1.jpeg,,,,,,
DME-3444601-2.jpeg,,,,,,
DME-3444601-3.jpeg,,,,,,
DME-3446806-1.jpeg,,,,,,
DME-3558560-1.jpeg,,,,,,
DME-357462-1.jpeg,,,,,,
DME-3586247-1.jpeg,,,,,,
DME-3638623-1.jpeg,,,,,,
DME-3665559-1.jpeg,,,,,,
DME-3694670-1.jpeg,,,,,,
DME-3748177-1.jpeg,,,,,,
DME-3748177-2.jpeg,,,,,,
DME-3783089-1.jpeg,,,,,,
DME-3808130-1.jpeg,,,,,,
DME-3826515-1.jpeg,,,,,,
DME-3894007-1.jpeg,,,,,,
DME-3923620-1.jpeg,,,,,,
DME-3924406-1.jpeg,,,,,,
DME-4016839-1.jpeg,,,,,,
DME-436344-1.jpeg,,,,,,
DME-437920-1.jpeg,,,,,,
DME-4480087-1.jpeg,,,,,,
DME-4480087-2.jpeg,,,,,,
DME-4485446-1.jpeg,,,,,,
DME-4495353-1.jpeg,,,,,,
DME-4495353-2.jpeg,,,,,,
DME-4528883-1.jpeg,,,,,,
DME-4588512-1.jpeg,,,,,,
DME-4594014-1.jpeg,,,,,,
DME-4609916-1.jpeg,,,,,,
DME-4609916-2.jpeg,,,,,,
DME-4609916-3.jpeg,,,,,,
DME-4624778-1.jpeg,,,,,,
DME-4644266-1.jpeg,,,,,,
DME-4680138-1.jpeg,,,,,,
DME-4805212-1.jpeg,,,,,,
DME-483195-1.jpeg,,,,,,
DME-484530-1.jpeg,,,,,,
DME-486550-1.jpeg,,,,,,
DME-48861-1.jpeg,,,,,,
DME-489256-1.jpeg,,,,,,
DME-4892635-1.jpeg,,,,,,
DME-4920070-1.jpeg,,,,,,
DME-493469-1.jpeg,,,,,,
DME-493576-1.jpeg,,,,,,
DME-4957841-1.jpeg,,,,,,
DME-505076-1.jpeg,,,,,,
DME-5195971-1.jpeg,,,,,,
DME-5195971-2.jpeg,,,,,,
DME-5242109-1.jpeg,,,,,,
DME-5284675-1.jpeg,,,,,,
DME-5304546-1.jpeg,,,,,,
DME-5398756-1.jpeg,,,,,,
DME-5466077-1.jpeg,,,,,,
DME-5466312-1.jpeg,,,,,,
DME-5501893-1.jpeg,,,,,,
DME-5546730-1.jpeg,,,,,,
DME-5546730-2.jpeg,,,,,,
DME-5546730-3.jpeg,,,,,,
DME-5546730-4.jpeg,,,,,,
DME-585163-1.jpeg,,,,,,
DME-585163-2.jpeg,,,,,,
DME-585163-3.jpeg,,,,,,
DME-585163-4.jpeg,,,,,,
DME-591617-1.jpeg,,,,,,
DME-59355-1.jpeg,,,,,,
DME-596173-1.jpeg,,,,,,
DME-619944-1.jpeg,,,,,,
DME-6202565-1.jpeg,,,,,,
DME-6202565-2.jpeg,,,,,,
DME-6225626-1.jpeg,,,,,,
DME-6244502-1.jpeg,,,,,,
DME-626704-1.jpeg,,,,,,
DME-6397724-1.jpeg,,,,,,
DME-643307-1.jpeg,,,,,,
DME-6477061-1.jpeg,,,,,,
DME-6486712-1.jpeg,,,,,,
DME-6486712-2.jpeg,,,,,,
DME-6486712-3.jpeg,,,,,,
DME-6539987-1.jpeg,,,,,,
DME-6547774-1.jpeg,,,,,,
DME-657432-1.jpeg,,,,,,
DME-657432-2.jpeg,,,,,,
DME-657432-3.jpeg,,,,,,
DME-6721786-1.jpeg,,,,,,
DME-6767872-1.jpeg,,,,,,
DME-6796856-1.jpeg,,,,,,
DME-690653-1.jpeg,,,,,,
DME-6953909-1.jpeg,,,,,,
DME-6973079-1.jpeg,,,,,,
DME-698993-1.jpeg,,,,,,
DME-698993-2.jpeg,,,,,,
DME-698993-3.jpeg,,,,,,
DME-698993-4.jpeg,,,,,,
DME-698993-5.jpeg,,,,,,
DME-698993-6.jpeg,,,,,,
DME-7003978-1.jpeg,,,,,,
DME-7060258-1.jpeg,,,,,,
DME-7066515-1.jpeg,,,,,,
DME-7222853-1.jpeg,,,,,,
DME-7224935-1.jpeg,,,,,,
DME-7315099-1.jpeg,,,,,,
DME-734479-1.jpeg,,,,,,
DME-7345914-1.jpeg,,,,,,
DME-7345914-2.jpeg,,,,,,
DME-740597-1.jpeg,,,,,,
DME-740597-2.jpeg,,,,,,
DME-7423072-1.jpeg,,,,,,
DME-752545-1.jpeg,,,,,,
DME-752545-2.jpeg,,,,,,
DME-75834-1.jpeg,,,,,,
DME-763885-1.jpeg,,,,,,
DME-764149-1.jpeg,,,,,,
DME-764149-2.jpeg,,,,,,
DME-764149-3.jpeg,,,,,,
DME-783607-1.jpeg,,,,,,
DME-7843895-1.jpeg,,,,,,
DME-7843895-2.jpeg,,,,,,
DME-7843895-3.jpeg,,,,,,
DME-812890-1.jpeg,,,,,,
DME-81377-1.jpeg,,,,,,
DME-835216-1.jpeg,,,,,,
DME-835216-2.jpeg,,,,,,
DME-845804-1.jpeg,,,,,,
DME-85452-1.jpeg,,,,,,
DME-85452-2.jpeg,,,,,,
DME-85452-3.jpeg,,,,,,
DME-85452-4.jpeg,,,,,,
DME-85452-5.jpeg,,,,,,
DME-85452-6.jpeg,,,,,,
DME-855282-1.jpeg,,,,,,
DME-859014-1.jpeg,,,,,,
DME-865337-1.jpeg,,,,,,
DME-880307-1.jpeg,,,,,,
DME-894860-1.jpeg,,,,,,
DME-894860-2.jpeg,,,,,,
DME-901538-1.jpeg,,,,,,
DME-902126-1.jpeg,,,,,,
DME-904971-1.jpeg,,,,,,
DME-925077-1.jpeg,,,,,,
DME-925077-2.jpeg,,,,,,
DME-925077-3.jpeg,,,,,,
DME-943690-1.jpeg,,,,,,
DME-943690-10.jpeg,,,,,,
DME-943690-11.jpeg,,,,,,
DME-943690-12.jpeg,,,,,,
DME-943690-13.jpeg,,,,,,
DME-943690-14.jpeg,,,,,,
DME-943690-15.jpeg,,,,,,
DME-943690-16.jpeg,,,,,,
DME-943690-17.jpeg,,,,,,
DME-943690-2.jpeg,,,,,,
DME-943690-3.jpeg,,,,,,
DME-943690-4.jpeg,,,,,,
DME-943690-5.jpeg,,,,,,
DME-943690-6.jpeg,,,,,,
DME-943690-7.jpeg,,,,,,
DME-943690-8.jpeg,,,,,,
DME-943690-9.jpeg,,,,,,
DME-953126-1.jpeg,,,,,,
DME-957578-1.jpeg,,,,,,
DME-957578-2.jpeg,,,,,,
DME-999838-1.jpeg,,,,,,
